Id,Name,IsDeleted,CreatedDate,LastModifiedDate,SystemModstamp,LastViewedDate,LastReferencedDate,FinServ__CreateInverseRole__c,FinServ__InverseRelationship__c,FinServ__InverseRole__c,FinServ__RelationshipType__c,FinServ__SourceSystemId__c,FinServ__InverseRelationship__r.Name
a0E3h000001JjcGEAS,Client,false,2020-06-23T16:48:07.000+0000,2020-06-23T16:48:07.000+0000,2020-06-23T16:48:07.000+0000,,,false,a0E3h000001JjcAEAS,Accountant,,,Accountant
a0E3h000001JjcJEAS,Grandchild,false,2020-06-23T16:48:07.000+0000,2020-06-23T16:48:07.000+0000,2020-06-23T16:48:07.000+0000,,,false,a0E3h000001JjcDEAS,Grandparent,,,Grandparent
a0E3h000001JjcMEAS,Ex-Spouse,false,2020-06-23T16:48:07.000+0000,2020-06-23T16:48:07.000+0000,2020-06-23T16:48:07.000+0000,,,false,,Ex-Spouse,,,
a0E3h000001JjcOEAS,Sibling,false,2020-06-23T16:48:07.000+0000,2020-06-23T16:48:07.000+0000,2020-06-23T16:48:07.000+0000,,,false,,Sibling,,,
a0E3h000001JjcFEAS,Business,false,2020-06-23T16:48:07.000+0000,2020-06-23T16:48:07.000+0000,2020-06-23T16:48:07.000+0000,,,true,a0E3h000001JjcLEAS,Proprietor,,,Proprietor
a0E3h000001JjcBEAS,Lawyer,false,2020-06-23T16:48:07.000+0000,2020-06-23T16:48:07.000+0000,2020-06-23T16:48:07.000+0000,,,true,a0E3h000001JjcHEAS,Client,,,Client
a0E3h000001JjcEEAS,Power of Attorney,false,2020-06-23T16:48:07.000+0000,2020-06-23T16:48:07.000+0000,2020-06-23T16:48:07.000+0000,,,true,a0E3h000001JjcKEAS,Client,,,Client
a0E3h000001JjcLEAS,Proprietor,false,2020-06-23T16:48:07.000+0000,2020-06-23T16:48:07.000+0000,2020-06-23T16:48:07.000+0000,,,false,a0E3h000001JjcFEAS,Business,,,Business
a0E3h000001JjcAEAS,Accountant,false,2020-06-23T16:48:07.000+0000,2020-06-23T16:48:07.000+0000,2020-06-23T16:48:07.000+0000,,,true,a0E3h000001JjcGEAS,Client,,,Client
a0E3h000001JjcKEAS,Client,false,2020-06-23T16:48:07.000+0000,2020-06-23T16:48:07.000+0000,2020-06-23T16:48:07.000+0000,,,false,a0E3h000001JjcEEAS,Power of Attorney,,,Power of Attorney
a0E3h000001JjcDEAS,Grandparent,false,2020-06-23T16:48:07.000+0000,2020-06-23T16:48:07.000+0000,2020-06-23T16:48:07.000+0000,,,true,a0E3h000001JjcJEAS,Grandchild,,,Grandchild
a0E3h000001JjcIEAS,Dependent,false,2020-06-23T16:48:07.000+0000,2020-06-23T16:48:07.000+0000,2020-06-23T16:48:07.000+0000,,,false,a0E3h000001JjcCEAS,Parent,,,Parent
a0E3h000001JjcHEAS,Client,false,2020-06-23T16:48:07.000+0000,2020-06-23T16:48:07.000+0000,2020-06-23T16:48:07.000+0000,,,false,a0E3h000001JjcBEAS,Lawyer,,,Lawyer
a0E3h000001JjcPEAS,Extended Family,false,2020-06-23T16:48:07.000+0000,2020-06-23T16:48:07.000+0000,2020-06-23T16:48:07.000+0000,,,false,,Extended Family,,,
a0E3h000001JjcNEAS,Spouse,false,2020-06-23T16:48:07.000+0000,2020-06-23T16:48:07.000+0000,2020-06-23T16:48:07.000+0000,,,false,,Spouse,,,
a0E3h000001JjcCEAS,Parent,false,2020-06-23T16:48:07.000+0000,2020-06-23T16:48:07.000+0000,2020-06-23T16:48:07.000+0000,,,true,a0E3h000001JjcIEAS,Dependent,,,Dependent
